<?xml version="1.0"?>
<doc>
    <assembly>
        <name>CalculateStatistics</name>
    </assembly>
    <members>
        <member name="T:CalculateStatistics.Dockpane1View">
            <summary>
            Interaction logic for Dockpane1View.xaml
            </summary>
            <summary>
            Dockpane1View
            </summary>
        </member>
        <member name="M:CalculateStatistics.Dockpane1View.#ctor">
            <summary>
            CTor
            </summary>
        </member>
        <member name="M:CalculateStatistics.Dockpane1View.InitializeComponent">
            <summary>
            InitializeComponent
            </summary>
        </member>
        <member name="M:CalculateStatistics.Dockpane1ViewModel.UpdateFields(ArcGIS.Desktop.Mapping.Events.MapViewEventArgs)">
            <summary>
            Make sure there is a feature layer selected
            Update the Fields Combobox with the Fields corresponding to the Layer Selected
            </summary>
            <param name="args"></param>
        </member>
        <member name="M:CalculateStatistics.Dockpane1ViewModel.Show">
            <summary>
            Show the DockPane.
            </summary>
        </member>
        <member name="F:CalculateStatistics.Dockpane1ViewModel._heading">
            <summary>
            Text shown near the top of the DockPane.
            </summary>
        </member>
        <member name="T:CalculateStatistics.Dockpane1ViewModel.StatisticsFunctionInfo">
            <summary>
            Encapsulates Cadinality settings
            </summary>
        </member>
        <member name="P:CalculateStatistics.Dockpane1ViewModel.StatisticsFunctionInfo.Name">
            <summary>
            Description
            </summary>
        </member>
        <member name="P:CalculateStatistics.Dockpane1ViewModel.StatisticsFunctionInfo.enumStatisticsFunction">
            <summary>
            StatisticsFunction
            </summary>
        </member>
        <member name="P:CalculateStatistics.Dockpane1ViewModel.CmdWork">
            <summary>
            Get the selected Feature Layer and the corresponding FeatureClass
            If there are any features selected for that layer, Zoom to the extent and use the extent for a Spatial Query
            If there are no feature selected, perform Calculate Statistics on all the features for that FeatureClass
            List the Statistics Calculation Result in the datagrid by assigning them to ResultData property (bound to the datagrid)
            </summary>
        </member>
        <member name="T:CalculateStatistics.Dockpane1_ShowButton">
            <summary>
            Button implementation to show the DockPane.
            </summary>
        </member>
        <member name="T:CalculateStatistics.Module1">
            <summary>
            This addin will list all subtypes for a Feature Class and allow deletion of all features which have the selected subtype
            </summary>
            <remarks>
            1. Download the Community Sample data (see under the 'Resources' section for downloading sample data).  The sample data contains required data for this sample add-in.  Make sure that the Sample data is unzipped in c:\data and "C:\Data\Interacting with Maps" is available.
            1. In Visual Studio click the Build menu. Then select Build Solution.
            1. Click Start button to open ArcGIS Pro.
            1. ArcGIS Pro will open. 
            1. Open the "C:\Data\Interacting with Maps\Interacting with Maps.aprx" project which contains the required data needed for this sample.
            1. Make sure the Map Pane and the corresponding Table of Contents (TOC) Pane are Open and the Map Pane is Active
            1. Click on the Add-In Tab
            1. Open the Filter Selected Features Dockpane by clicking on the button
            1. Observe that when no Layer is selected in the TOC, clicking on the fields combobox will show an empty list. An empty list will also be shown if the Layer is not a Feature Layer i.e. if it is a standalone table.
            ![UI](Screenshots/Screen1.png)
            1. Select the "Crimes" Feature Layer from the TOC pane, it contains fields required for the results display
            1. Select a Field from the combobox and enter the field value
            1. Optionally, select features if you want the search to happen on a fixed extent
            1. Select one of the Queries and click Go
            1. The results are displayed below in the same Pane
            ![UI](Screenshots/Screen2.png)
            </remarks>
        </member>
        <member name="P:CalculateStatistics.Module1.Current">
            <summary>
            Retrieve the singleton instance to this module here
            </summary>
        </member>
        <member name="M:CalculateStatistics.Module1.CanUnload">
            <summary>
            Called by Framework when ArcGIS Pro is closing
            </summary>
            <returns>False to prevent Pro from closing, otherwise True</returns>
        </member>
        <member name="M:CalculateStatistics.Module1.ExecuteCommand(System.String)">
            <summary>
            Generic implementation of ExecuteCommand to allow calls to
            <see cref="M:ArcGIS.Desktop.Framework.FrameworkApplication.ExecuteCommand(System.String)"/> to execute commands in
            your Module.
            </summary>
            <param name="id"></param>
            <returns></returns>
        </member>
    </members>
</doc>
