<PAMDataset>
  <Metadata domain="ESRI">
    <MDI key="PyramidResamplingType">AVERAGE_BIT2GRAYSCALE</MDI>
  </Metadata>
  <Metadata domain="xml:XMP" format="xml">
    <?xpacket begin="&#xFEFF;" id="W5M0MpCehiHzreSzNTczkc9d"?>
    <x:xmpmeta xmlns:x="adobe:ns:meta/">
      <rdf:RDF xmlns:rdf="http://www.w3.org/1999/02/22-rdf-syntax-ns#">
        <rdf:Description rdf:about="uuid:faf5bdd5-ba3d-11da-ad31-d33d75182f1b" xmlns:xmp="http://ns.adobe.com/xap/1.0/">
          <xmp:CreatorTool>Microsoft Windows Photo Viewer 6.1.7600.16385</xmp:CreatorTool>
        </rdf:Description>
      </rdf:RDF>
    </x:xmpmeta>
    <?xpacket end="w"?>
  </Metadata>
  <PAMRasterBand band="1">
    <ColorInterp>Palette</ColorInterp>
    <Histograms>
      <HistItem>
        <HistMin>-0.5</HistMin>
        <HistMax>1.5</HistMax>
        <BucketCount>2</BucketCount>
        <IncludeOutOfRange>1</IncludeOutOfRange>
        <Approximate>0</Approximate>
        <HistCounts>640936|17805584</HistCounts>
      </HistItem>
    </Histograms>
    <Metadata>
      <MDI key="STATISTICS_COVARIANCES">0.03353837509698365</MDI>
      <MDI key="STATISTICS_EXCLUDEDVALUES"></MDI>
      <MDI key="STATISTICS_MAXIMUM">1</MDI>
      <MDI key="STATISTICS_MEAN">0.96525436776147</MDI>
      <MDI key="STATISTICS_MEDIAN">1.000000</MDI>
      <MDI key="STATISTICS_MINIMUM">0</MDI>
      <MDI key="STATISTICS_SKIPFACTORX">1</MDI>
      <MDI key="STATISTICS_SKIPFACTORY">1</MDI>
      <MDI key="STATISTICS_STDDEV">0.18313485494843</MDI>
    </Metadata>
  </PAMRasterBand>
</PAMDataset>
