<PAMDataset>
  <Metadata domain="IMAGE_STRUCTURE">
    <MDI key="COMPRESSION">JPEG</MDI>
    <MDI key="INTERLEAVE">PIXEL</MDI>
    <MDI key="SOURCE_COLOR_SPACE">YCbCr</MDI>
  </Metadata>
  <Metadata domain="xml:ESRI" format="xml">
    <GeodataXform xsi:type="typens:PolynomialXform" xmlns:xsi="http://www.w3.org/2001/XMLSchema-instance" xmlns:xs="http://www.w3.org/2001/XMLSchema" xmlns:typens="http://www.esri.com/schemas/ArcGIS/10.3">
      <PolynomialOrder>1</PolynomialOrder>
      <SpatialReference xsi:type="typens:ProjectedCoordinateSystem">
        <WKT>PROJCS["NAD_1983_HARN_StatePlane_Oregon_North_FIPS_3601_Feet_Intl",GEOGCS["GCS_North_American_1983_HARN",DATUM["D_North_American_1983_HARN",SPHEROID["GRS_1980",6378137.0,298.257222101]],PRIMEM["Greenwich",0.0],UNIT["Degree",0.0174532925199433]],PROJECTION["Lambert_Conformal_Conic"],PARAMETER["False_Easting",8202099.737532808],PARAMETER["False_Northing",0.0],PARAMETER["Central_Meridian",-120.5],PARAMETER["Standard_Parallel_1",44.33333333333334],PARAMETER["Standard_Parallel_2",46.0],PARAMETER["Latitude_Of_Origin",43.66666666666666],UNIT["Foot",0.3048],AUTHORITY["EPSG",2913]]</WKT>
        <XOrigin>-123286861.04194665</XOrigin>
        <YOrigin>-107780023.11740829</YOrigin>
        <XYScale>34250781.211246751</XYScale>
        <ZOrigin>-100000</ZOrigin>
        <ZScale>10000</ZScale>
        <MOrigin>-100000</MOrigin>
        <MScale>10000</MScale>
        <XYTolerance>0.0032808398950131233</XYTolerance>
        <ZTolerance>0.001</ZTolerance>
        <MTolerance>0.001</MTolerance>
        <HighPrecision>true</HighPrecision>
        <WKID>2913</WKID>
        <LatestWKID>2913</LatestWKID>
      </SpatialReference>
      <SourceGCPs xsi:type="typens:ArrayOfDouble">
        <Double>1448.7246641911865</Double>
        <Double>-4315.4204121266657</Double>
        <Double>723.03021974674243</Double>
        <Double>-4991.6356899044413</Double>
        <Double>5143.6031364134105</Double>
        <Double>-4375.3162454599969</Double>
        <Double>6243.8635530800775</Double>
        <Double>-4987.2954121266639</Double>
      </SourceGCPs>
      <TargetGCPs xsi:type="typens:ArrayOfDouble">
        <Double>7501085.0564304441</Double>
        <Double>446138.75787401199</Double>
        <Double>7500935.6053149551</Double>
        <Double>446006.65977689624</Double>
        <Double>7501820.1256561726</Double>
        <Double>446105.9150262475</Double>
        <Double>7502034.2759186327</Double>
        <Double>445979.18832020462</Double>
      </TargetGCPs>
    </GeodataXform>
  </Metadata>
</PAMDataset>
