<?xml version="1.0" encoding="UTF-8"?>
<metadata xml:lang="en"><Esri><CreaDate>20200526</CreaDate><CreaTime>17275900</CreaTime><ArcGISFormat>1.0</ArcGISFormat><SyncOnce>TRUE</SyncOnce><DataProperties><itemProps><itemLocation><linkage Sync="TRUE">file://\\ASIMOV\C$\ArcGIS Pro\DATA\2.6 Package Files\4373_DivideFromEnd\commondata\raster_data\Independence Meadows Airpark Phase1_Color.tif</linkage><protocol Sync="TRUE">Local Area Network</protocol></itemLocation></itemProps><copyHistory><copy source="C:\ArcGIS Pro\ArcGIS Pro Demos\PolkCountyAirfield\SubdivisionScans\Independence Meadows Airpark Phase1_Color.tif" dest="\\ASIMOV\C$\ArcGIS Pro\DATA\2.6 Package Files\4373_DivideFromEnd\commondata\raster_data\Independence Meadows Airpark Phase1_Color.tif" date="20200526" time="17275900"></copy></copyHistory></DataProperties></Esri></metadata>
