<PAMDataset>
  <Metadata domain="xml:XMP" format="xml">
    <?xpacket begin="&#xFEFF;" id="W5M0MpCehiHzreSzNTczkc9d"?>
    <x:xmpmeta xmlns:x="adobe:ns:meta/">
      <rdf:RDF xmlns:rdf="http://www.w3.org/1999/02/22-rdf-syntax-ns#">
        <rdf:Description rdf:about="uuid:faf5bdd5-ba3d-11da-ad31-d33d75182f1b" xmlns:xmp="http://ns.adobe.com/xap/1.0/">
          <xmp:CreatorTool>Windows Photo Editor 10.0.10011.16384</xmp:CreatorTool>
        </rdf:Description>
      </rdf:RDF>
    </x:xmpmeta>
    <?xpacket end="w"?>
  </Metadata>
  <Metadata domain="Esri">
    <MDI key="PyramidResamplingType">NEAREST</MDI>
  </Metadata>
  <Metadata domain="xml:ESRI" format="xml">
    <GeodataXform xsi:type="typens:PolynomialXform" xmlns:xsi="http://www.w3.org/2001/XMLSchema-instance" xmlns:xs="http://www.w3.org/2001/XMLSchema" xmlns:typens="http://www.esri.com/schemas/ArcGIS/2.5.0">
      <PolynomialOrder>1</PolynomialOrder>
      <SpatialReference xsi:type="typens:ProjectedCoordinateSystem">
        <WKT>PROJCS["NAD_1983_HARN_StatePlane_Oregon_North_FIPS_3601_Feet_Intl",GEOGCS["GCS_North_American_1983_HARN",DATUM["D_North_American_1983_HARN",SPHEROID["GRS_1980",6378137.0,298.257222101]],PRIMEM["Greenwich",0.0],UNIT["Degree",0.0174532925199433]],PROJECTION["Lambert_Conformal_Conic"],PARAMETER["False_Easting",8202099.737532808],PARAMETER["False_Northing",0.0],PARAMETER["Central_Meridian",-120.5],PARAMETER["Standard_Parallel_1",44.33333333333334],PARAMETER["Standard_Parallel_2",46.0],PARAMETER["Latitude_Of_Origin",43.66666666666666],UNIT["Foot",0.3048],AUTHORITY["EPSG",2913]]</WKT>
        <XOrigin>-111333600</XOrigin>
        <YOrigin>-98152500</YOrigin>
        <XYScale>37675770.731007516</XYScale>
        <ZOrigin>-100000</ZOrigin>
        <ZScale>10000</ZScale>
        <MOrigin>-100000</MOrigin>
        <MScale>10000</MScale>
        <XYTolerance>0.0032808398950131233</XYTolerance>
        <ZTolerance>0.001</ZTolerance>
        <MTolerance>0.001</MTolerance>
        <HighPrecision>true</HighPrecision>
        <WKID>2913</WKID>
        <LatestWKID>2913</LatestWKID>
      </SpatialReference>
      <CoeffX xsi:type="typens:ArrayOfDouble">
        <Double>7503145.1453659981</Double>
        <Double>150.874318058082</Double>
        <Double>6.6048603889259692</Double>
      </CoeffX>
      <CoeffY xsi:type="typens:ArrayOfDouble">
        <Double>448607.53891642345</Double>
        <Double>-6.6048603889259692</Double>
        <Double>150.874318058082</Double>
      </CoeffY>
      <InverseCoeffX xsi:type="typens:ArrayOfDouble">
        <Double>-49506.053376126816</Double>
        <Double>0.0066153552992612814</Double>
        <Double>-0.00028960195967838961</Double>
      </InverseCoeffX>
      <InverseCoeffY xsi:type="typens:ArrayOfDouble">
        <Double>-5140.6237977087694</Double>
        <Double>0.0002896019596783972</Double>
        <Double>0.0066153552992612823</Double>
      </InverseCoeffY>
      <Name />
    </GeodataXform>
  </Metadata>
</PAMDataset>
