<PAMDataset>
  <SRS dataAxisToSRSAxisMapping="2,1,3">PROJCS["NAD_1983_HARN_StatePlane_Oregon_North_FIPS_3601_Feet_Intl",GEOGCS["GCS_North_American_1983_HARN",DATUM["NAD83_High_Accuracy_Regional_Network",SPHEROID["GRS_1980",6378137.0,298.257222101]],PRIMEM["Greenwich",0.0],UNIT["Degree",0.0174532925199433]],PROJECTION["Lambert_Conformal_Conic_2SP"],PARAMETER["False_Easting",8202099.737532808],PARAMETER["False_Northing",0.0],PARAMETER["Central_Meridian",-120.5],PARAMETER["Standard_Parallel_1",44.33333333333334],PARAMETER["Standard_Parallel_2",46.0],PARAMETER["Latitude_Of_Origin",43.66666666666666],UNIT["Foot",0.3048],AUTHORITY["EPSG","2913"]]</SRS>
  <Metadata domain="IMAGE_STRUCTURE">
    <MDI key="INTERLEAVE">PIXEL</MDI>
  </Metadata>
  <Metadata domain="xml:ESRI" format="xml">
    <GeodataXform xsi:type="typens:PolynomialXform" xmlns:xsi="http://www.w3.org/2001/XMLSchema-instance" xmlns:xs="http://www.w3.org/2001/XMLSchema" xmlns:typens="http://www.esri.com/schemas/ArcGIS/2.1.0">
      <PolynomialOrder>-4</PolynomialOrder>
      <SpatialReference xsi:type="typens:ProjectedCoordinateSystem">
        <WKT>PROJCS["NAD_1983_HARN_StatePlane_Oregon_North_FIPS_3601_Feet_Intl",GEOGCS["GCS_North_American_1983_HARN",DATUM["D_North_American_1983_HARN",SPHEROID["GRS_1980",6378137.0,298.257222101]],PRIMEM["Greenwich",0.0],UNIT["Degree",0.0174532925199433]],PROJECTION["Lambert_Conformal_Conic"],PARAMETER["False_Easting",8202099.737532808],PARAMETER["False_Northing",0.0],PARAMETER["Central_Meridian",-120.5],PARAMETER["Standard_Parallel_1",44.33333333333334],PARAMETER["Standard_Parallel_2",46.0],PARAMETER["Latitude_Of_Origin",43.66666666666666],UNIT["Foot",0.3048],AUTHORITY["EPSG",2913]]</WKT>
        <XOrigin>-111333600</XOrigin>
        <YOrigin>-98152500</YOrigin>
        <XYScale>37675770.731007516</XYScale>
        <ZOrigin>-100000</ZOrigin>
        <ZScale>10000</ZScale>
        <MOrigin>-100000</MOrigin>
        <MScale>10000</MScale>
        <XYTolerance>0.0032808398950131233</XYTolerance>
        <ZTolerance>0.001</ZTolerance>
        <MTolerance>0.001</MTolerance>
        <HighPrecision>true</HighPrecision>
        <WKID>2913</WKID>
        <LatestWKID>2913</LatestWKID>
      </SpatialReference>
      <SourceGCPs xsi:type="typens:ArrayOfDouble">
        <Double>225.96709243305668</Double>
        <Double>-1289.8916151502635</Double>
        <Double>422.80746868343704</Double>
        <Double>-890.02756601735018</Double>
        <Double>227.47086481397855</Double>
        <Double>-889.09422100405209</Double>
        <Double>1116.44034940048</Double>
        <Double>-893.93837793846615</Double>
      </SourceGCPs>
      <TargetGCPs xsi:type="typens:ArrayOfDouble">
        <Double>7500928.7939632535</Double>
        <Double>447202.86187663674</Double>
        <Double>7500983.5977690211</Double>
        <Double>447304.77362205088</Double>
        <Double>7500932.9078083932</Double>
        <Double>447306.78018373251</Double>
        <Double>7501162.4543963214</Double>
        <Double>447297.6929133833</Double>
      </TargetGCPs>
      <Name />
    </GeodataXform>
  </Metadata>
  <Metadata domain="Esri">
    <MDI key="PyramidResamplingType">NEAREST</MDI>
  </Metadata>
  <PAMRasterBand band="1">
    <Histograms>
      <HistItem>
        <HistMin>-0.5</HistMin>
        <HistMax>255.5</HistMax>
        <BucketCount>256</BucketCount>
        <IncludeOutOfRange>1</IncludeOutOfRange>
        <Approximate>0</Approximate>
        <HistCounts>468|488|175|249|274|274|329|366|455|463|527|560|625|731|776|833|939|1005|1041|1102|1142|1032|1130|1130|1115|1174|1100|1100|1114|1084|1044|1022|1049|995|1021|1046|1021|1020|952|986|911|898|942|882|835|846|827|903|911|842|832|828|759|841|781|744|704|820|787|738|679|687|681|659|667|632|637|576|646|539|544|528|533|566|522|555|468|496|492|507|524|508|521|477|464|477|515|475|538|496|462|464|527|505|434|452|464|448|478|469|424|461|473|463|437|459|450|427|417|482|488|528|452|491|526|436|433|504|477|465|458|444|502|517|458|487|480|444|486|515|500|556|505|500|484|548|515|503|524|501|530|513|536|550|549|554|534|538|591|526|553|592|547|577|552|629|628|567|683|764|662|740|744|822|777|880|823|845|978|1113|1124|1041|1222|1201|1427|1277|1334|1334|1421|1613|1591|1556|1714|1627|2013|1938|2131|2135|2085|2151|2259|2412|2283|2259|2364|2296|2539|2383|2474|2541|2678|2737|2905|3342|3377|3708|4096|4314|4441|5445|6426|6799|6947|6842|6093|6961|6879|7059|7596|8541|11249|13894|15871|20250|19794|20951|22163|25906|29122|30330|35127|36890|35536|38141|34685|38293|37399|45805|54238|61414|63148|81508|104984|127985|152544|184286|222466|253979|265183|280961|309459|732412|169470|30712|18273|77224</HistCounts>
      </HistItem>
    </Histograms>
    <Metadata>
      <MDI key="STATISTICS_COVARIANCES">928.5793542070013,925.5530962635315,917.0209640955773,0</MDI>
      <MDI key="STATISTICS_EXCLUDEDVALUES"></MDI>
      <MDI key="STATISTICS_MAXIMUM">255</MDI>
      <MDI key="STATISTICS_MEAN">238.9966975293</MDI>
      <MDI key="STATISTICS_MEDIAN">247.000000</MDI>
      <MDI key="STATISTICS_MINIMUM">0</MDI>
      <MDI key="STATISTICS_SKIPFACTORX">1</MDI>
      <MDI key="STATISTICS_SKIPFACTORY">1</MDI>
      <MDI key="STATISTICS_STDDEV">30.472600056559</MDI>
    </Metadata>
  </PAMRasterBand>
  <PAMRasterBand band="2">
    <Histograms>
      <HistItem>
        <HistMin>-0.5</HistMin>
        <HistMax>255.5</HistMax>
        <BucketCount>256</BucketCount>
        <IncludeOutOfRange>1</IncludeOutOfRange>
        <Approximate>0</Approximate>
        <HistCounts>758|252|194|236|279|281|329|390|464|473|530|568|614|746|771|836|964|1000|1064|1122|1049|1101|1152|1132|1176|1104|1171|1072|1104|1071|1021|1045|1009|992|1097|1021|979|986|979|979|912|872|940|833|825|869|860|824|874|825|821|805|798|787|761|715|704|761|758|747|706|744|687|678|721|688|619|602|666|553|557|492|559|521|548|502|466|524|502|547|519|536|504|460|490|494|477|540|503|466|482|502|516|457|456|479|449|475|452|462|448|454|496|458|444|441|431|422|440|498|521|449|461|512|469|437|469|490|510|474|451|467|476|508|455|503|491|453|498|486|532|537|503|468|546|520|506|513|519|518|499|546|555|543|553|540|543|558|549|521|590|574|577|563|614|599|586|675|744|719|717|794|790|802|872|845|820|907|1086|1050|1051|1163|1291|1334|1322|1301|1417|1393|1621|1574|1611|1696|1612|1863|1988|2030|2124|2077|2098|2310|2330|2210|2246|2287|2427|2467|2319|2411|2451|2575|2658|2920|3177|3277|3766|4204|4490|4360|5256|5783|6261|6847|6757|6353|7014|6709|6724|7212|7864|9494|13233|15229|19732|18897|20080|20235|24961|25641|28027|34180|37375|36932|38360|35818|37781|34001|40785|46043|59271|55410|70959|87911|116442|138921|175608|219541|265237|280909|296907|312369|702618|237930|45458|18437|14232|70797</HistCounts>
      </HistItem>
    </Histograms>
    <Metadata>
      <MDI key="STATISTICS_COVARIANCES">925.5530962635315,923.2403677687284,914.7098198413803,0</MDI>
      <MDI key="STATISTICS_EXCLUDEDVALUES"></MDI>
      <MDI key="STATISTICS_MAXIMUM">255</MDI>
      <MDI key="STATISTICS_MEAN">238.38144568007</MDI>
      <MDI key="STATISTICS_MEDIAN">246.000000</MDI>
      <MDI key="STATISTICS_MINIMUM">0</MDI>
      <MDI key="STATISTICS_SKIPFACTORX">1</MDI>
      <MDI key="STATISTICS_SKIPFACTORY">1</MDI>
      <MDI key="STATISTICS_STDDEV">30.384870705151</MDI>
    </Metadata>
  </PAMRasterBand>
  <PAMRasterBand band="3">
    <Histograms>
      <HistItem>
        <HistMin>-0.5</HistMin>
        <HistMax>255.5</HistMax>
        <BucketCount>256</BucketCount>
        <IncludeOutOfRange>1</IncludeOutOfRange>
        <Approximate>0</Approximate>
        <HistCounts>1411|242|292|307|400|429|474|495|569|637|695|790|881|916|997|995|1052|1111|1105|1112|1131|1140|1157|1102|1171|1045|1086|1089|996|1037|995|1047|1064|1032|997|968|932|935|910|856|929|848|827|823|812|845|841|824|816|813|766|771|752|725|666|733|736|744|725|707|692|712|688|658|605|622|661|556|534|518|553|522|546|507|477|532|511|558|531|493|458|477|494|501|471|500|509|483|488|479|507|487|457|459|477|458|410|458|462|431|499|459|439|451|454|438|437|474|498|473|458|514|469|451|476|523|457|482|471|461|491|505|461|487|475|424|518|508|508|537|533|474|503|521|531|515|555|531|517|524|560|574|545|568|537|572|619|575|633|620|578|628|655|659|647|688|745|716|674|843|839|798|849|856|804|906|1094|1046|1044|1170|1288|1336|1363|1301|1456|1415|1635|1610|1626|1712|1660|1935|2056|2019|2087|2131|2098|2285|2356|2247|2290|2323|2486|2602|2506|2714|2672|2931|2935|3279|3406|3568|3913|4377|4564|4801|5919|6424|6837|6945|6600|6549|7292|7583|7648|8647|10158|11226|15212|16015|21521|20738|22889|22127|29502|27766|31711|32063|37015|33976|38358|35373|39655|36941|45102|51875|67699|67673|89587|116307|157411|213597|258945|348050|370908|519935|620615|131421|46226|21413|18160|35325|5781|34471|85|552</HistCounts>
      </HistItem>
    </Histograms>
    <Metadata>
      <MDI key="STATISTICS_COVARIANCES">917.0209640955773,914.7098198413803,909.518181190345,0</MDI>
      <MDI key="STATISTICS_EXCLUDEDVALUES"></MDI>
      <MDI key="STATISTICS_MAXIMUM">255</MDI>
      <MDI key="STATISTICS_MEAN">234.86331505056</MDI>
      <MDI key="STATISTICS_MEDIAN">243.000000</MDI>
      <MDI key="STATISTICS_MINIMUM">0</MDI>
      <MDI key="STATISTICS_SKIPFACTORX">1</MDI>
      <MDI key="STATISTICS_SKIPFACTORY">1</MDI>
      <MDI key="STATISTICS_STDDEV">30.158219131612</MDI>
    </Metadata>
  </PAMRasterBand>
  <PAMRasterBand band="4">
    <Histograms>
      <HistItem>
        <HistMin>-0.5</HistMin>
        <HistMax>255.5</HistMax>
        <BucketCount>256</BucketCount>
        <IncludeOutOfRange>1</IncludeOutOfRange>
        <Approximate>0</Approximate>
        <HistCounts>0|0|0|0|0|0|0|0|0|0|0|0|0|0|0|0|0|0|0|0|0|0|0|0|0|0|0|0|0|0|0|0|0|0|0|0|0|0|0|0|0|0|0|0|0|0|0|0|0|0|0|0|0|0|0|0|0|0|0|0|0|0|0|0|0|0|0|0|0|0|0|0|0|0|0|0|0|0|0|0|0|0|0|0|0|0|0|0|0|0|0|0|0|0|0|0|0|0|0|0|0|0|0|0|0|0|0|0|0|0|0|0|0|0|0|0|0|0|0|0|0|0|0|0|0|0|0|0|0|0|0|0|0|0|0|0|0|0|0|0|0|0|0|0|0|0|0|0|0|0|0|0|0|0|0|0|0|0|0|0|0|0|0|0|0|0|0|0|0|0|0|0|0|0|0|0|0|0|0|0|0|0|0|0|0|0|0|0|0|0|0|0|0|0|0|0|0|0|0|0|0|0|0|0|0|0|0|0|0|0|0|0|0|0|0|0|0|0|0|0|0|0|0|0|0|0|0|0|0|0|0|0|0|0|0|0|0|0|0|0|0|0|0|0|0|0|0|0|0|0|0|0|0|0|0|3974600</HistCounts>
      </HistItem>
    </Histograms>
    <Metadata>
      <MDI key="STATISTICS_COVARIANCES">0,0,0,0</MDI>
      <MDI key="STATISTICS_EXCLUDEDVALUES"></MDI>
      <MDI key="STATISTICS_MAXIMUM">255</MDI>
      <MDI key="STATISTICS_MEAN">255</MDI>
      <MDI key="STATISTICS_MEDIAN">255.000000</MDI>
      <MDI key="STATISTICS_MINIMUM">255</MDI>
      <MDI key="STATISTICS_SKIPFACTORX">1</MDI>
      <MDI key="STATISTICS_SKIPFACTORY">1</MDI>
      <MDI key="STATISTICS_STDDEV">0</MDI>
    </Metadata>
  </PAMRasterBand>
</PAMDataset>
