<PAMDataset>
  <Metadata domain="ESRI">
    <MDI key="PyramidResamplingType">AVERAGE_BIT2GRAYSCALE_MINISWHITE</MDI>
  </Metadata>
  <Metadata domain="xml:ESRI" format="xml">
    <GeodataXform xsi:type="typens:PolynomialXform" xmlns:xsi="http://www.w3.org/2001/XMLSchema-instance" xmlns:xs="http://www.w3.org/2001/XMLSchema" xmlns:typens="http://www.esri.com/schemas/ArcGIS/10.0">
      <PolynomialOrder>1</PolynomialOrder>
      <SpatialReference xsi:type="typens:UnknownCoordinateSystem">
        <XOrigin>7650953.5580286467</XOrigin>
        <YOrigin>652317.8577097418</YOrigin>
        <XYScale>1002970299453.6235</XYScale>
        <XYTolerance>2.6556534749033753e-014</XYTolerance>
        <HighPrecision>true</HighPrecision>
      </SpatialReference>
      <CoeffX xsi:type="typens:ArrayOfDouble">
        <Double>7653947.0661646463</Double>
        <Double>83.149940607452223</Double>
        <Double>55.526004550692853</Double>
      </CoeffX>
      <CoeffY xsi:type="typens:ArrayOfDouble">
        <Double>656478.62172259437</Double>
        <Double>-55.526004550692853</Double>
        <Double>83.149940607452223</Double>
      </CoeffY>
      <InverseCoeffX xsi:type="typens:ArrayOfDouble">
        <Double>-60015.066521297398</Double>
        <Double>0.0083174478705676427</Double>
        <Double>-0.0055542390642416978</Double>
      </InverseCoeffX>
      <InverseCoeffY xsi:type="typens:ArrayOfDouble">
        <Double>-47972.078504849705</Double>
        <Double>0.0055542390642417134</Double>
        <Double>0.0083174478705676444</Double>
      </InverseCoeffY>
    </GeodataXform>
  </Metadata>
  <PAMRasterBand band="1">
    <Histograms>
      <HistItem>
        <HistMin>-0.5</HistMin>
        <HistMax>1.5</HistMax>
        <BucketCount>2</BucketCount>
        <IncludeOutOfRange>1</IncludeOutOfRange>
        <Approximate>0</Approximate>
        <HistCounts>2569553|66674063</HistCounts>
      </HistItem>
    </Histograms>
    <Metadata>
      <MDI key="STATISTICS_COVARIANCES">0.03573181104768948</MDI>
      <MDI key="STATISTICS_EXCLUDEDVALUES"></MDI>
      <MDI key="STATISTICS_MAXIMUM">1</MDI>
      <MDI key="STATISTICS_MEAN">0.96289112053294</MDI>
      <MDI key="STATISTICS_MEDIAN">1.000000</MDI>
      <MDI key="STATISTICS_MINIMUM">0</MDI>
      <MDI key="STATISTICS_SKIPFACTORX">1</MDI>
      <MDI key="STATISTICS_SKIPFACTORY">1</MDI>
      <MDI key="STATISTICS_STDDEV">0.18902859849158</MDI>
    </Metadata>
  </PAMRasterBand>
</PAMDataset>
