<PAMDataset>
  <Metadata domain="xml:ESRI" format="xml">
    <GeodataXform xsi:type="typens:PolynomialXform" xmlns:xsi="http://www.w3.org/2001/XMLSchema-instance" xmlns:xs="http://www.w3.org/2001/XMLSchema" xmlns:typens="http://www.esri.com/schemas/ArcGIS/3.2.0">
      <PolynomialOrder>1</PolynomialOrder>
      <SpatialReference xsi:type="typens:ProjectedCoordinateSystem">
        <WKT>PROJCS["NAD_1983_StatePlane_Texas_South_Central_FIPS_4204_Feet",GEOGCS["GCS_North_American_1983",DATUM["D_North_American_1983",SPHEROID["GRS_1980",6378137.0,298.257222101]],PRIMEM["Greenwich",0.0],UNIT["Degree",0.0174532925199433]],PROJECTION["Lambert_Conformal_Conic"],PARAMETER["False_Easting",1968500.0],PARAMETER["False_Northing",13123333.33333333],PARAMETER["Central_Meridian",-99.0],PARAMETER["Standard_Parallel_1",28.38333333333333],PARAMETER["Standard_Parallel_2",30.28333333333333],PARAMETER["Latitude_Of_Origin",27.83333333333333],UNIT["Foot_US",0.3048006096012192],AUTHORITY["EPSG",2278]]</WKT>
        <XOrigin>-126725700</XOrigin>
        <YOrigin>-77828800</YOrigin>
        <XYScale>34994581.165044695</XYScale>
        <ZOrigin>-100000</ZOrigin>
        <ZScale>10000</ZScale>
        <MOrigin>-100000</MOrigin>
        <MScale>10000</MScale>
        <XYTolerance>0.0032808333333333331</XYTolerance>
        <ZTolerance>0.001</ZTolerance>
        <MTolerance>0.001</MTolerance>
        <HighPrecision>true</HighPrecision>
        <WKID>102740</WKID>
        <LatestWKID>2278</LatestWKID>
      </SpatialReference>
      <CoeffX xsi:type="typens:ArrayOfDouble">
        <Double>2994759.7121984437</Double>
        <Double>59.986339503316799</Double>
        <Double>-0.0022670925769649824</Double>
      </CoeffX>
      <CoeffY xsi:type="typens:ArrayOfDouble">
        <Double>13902117.385316702</Double>
        <Double>0.0022670925769649824</Double>
        <Double>59.986339503316799</Double>
      </CoeffY>
      <InverseCoeffX xsi:type="typens:ArrayOfDouble">
        <Double>-49932.787066671233</Double>
        <Double>0.01667046208939554</Double>
        <Double>6.3003479076034441e-07</Double>
      </InverseCoeffX>
      <InverseCoeffY xsi:type="typens:ArrayOfDouble">
        <Double>-231752.83403144006</Double>
        <Double>-6.3003479076023769e-07</Double>
        <Double>0.01667046208939554</Double>
      </InverseCoeffY>
      <Name />
    </GeodataXform>
  </Metadata>
</PAMDataset>
